"Accidentally Railroad","Bradly Noonan",27.04.2015,21.10.2015,64741.00
"Oyster Stormy","Lina Southey",27.02.2015,29.12.2015,297752.00
"Subtle Poseidon","Liliana Payton",05.01.2015,02.08.2015,831756.00
"Accidentally Skilled Pottery","Lina Southey",31.05.2015,13.10.2015,157639.00
"Liquid Panther","Poppy Whitney",18.02.2015,21.08.2015,359697.00
"Rapid Monkey","Tavia Chatham",06.02.2015,22.12.2015,969210.00
"Insane Bulldozer","Casey Copeland",18.01.2015,27.09.2015,122786.00
"Rapid Limousine","Lina Southey",18.06.2015,10.07.2015,498218.00
"Confidential Metaphor","Copper Smith",05.05.2015,02.07.2015,254164.00
"Hollow Eternal Nitrogen","Liliana Payton",07.04.2015,18.10.2015,716153.00
"Essential Peasant","Catalina Barlow",12.05.2015,25.12.2015,795797.00
"Restless Monkey","Tavia Chatham",21.02.2015,06.11.2015,561243.00
"Aberrant Insane Eagle","Xavier Abram",02.06.2015,28.08.2015,839598.00
"Hot Pure Mountain","Fearn Hayden",09.02.2015,19.09.2015,919429.00
"Sleepy Uranium","Pell Dudley",11.05.2015,04.12.2015,991093.00
"Dreaded Steady Weather","Ballard Ridley",03.02.2015,01.12.2015,670338.00
"Helpless Shower","Blade Padley",23.05.2015,24.10.2015,78214.00
"Stormy Flannel","Ballard Ridley",17.02.2015,26.07.2015,842305.00
"Dead Sapphire","Copper Smith",19.06.2015,03.11.2015,455783.00
"Appropriate Swallow","Bradly Noonan",10.06.2015,23.12.2015,702889.00
"Omega Accidentally","Krista Stamper",08.03.2015,19.07.2015,493309.00
"Green Storm","Elmore Shelly",08.01.2015,13.10.2015,589506.00
"Rare Emerald","Merry Ramsay",02.03.2015,26.12.2015,630439.00
"Maroon Snake","Fearn Hayden",23.05.2015,05.07.2015,656082.00
"Grim Sledgehammer","Liliana Payton",09.06.2015,03.10.2015,287998.00
"Heavy Cobra","Xavier Abram",02.06.2015,05.07.2015,246467.00
"Silver Rhinestone","Blade Padley",11.02.2015,03.08.2015,499913.00
"Cheerful Barbershop","Pell Dudley",07.03.2015,25.08.2015,324410.00
"Rare Jazz","Merry Ramsay",16.03.2015,10.08.2015,479205.00
"Dangerous Longitude","Lina Southey",28.06.2015,30.08.2015,742558.00
"Forgotten Planet","Tavia Chatham",10.03.2015,31.10.2015,50968.00
"Grim Butter","Mckenna Appleton",12.02.2015,02.08.2015,720540.00
"Husky Global Peasant","Copper Smith",03.01.2015,28.08.2015,114016.00
"Long Crayon","Fearn Hayden",09.06.2015,23.12.2015,497455.00
"Lonesome Metaphor","Bradly Noonan",19.01.2015,18.12.2015,485056.00
"Microphone Scarlet","Iris Allerton",16.04.2015,16.09.2015,980556.00
"Abandoned Puppet","Casey Copeland",24.06.2015,26.07.2015,79097.00
"Dusty Star","Poppy Whitney",03.02.2015,21.09.2015,241318.00
"Dreadful Mars","Elmore Shelly",12.01.2015,15.10.2015,558032.00
"Winter Severe","Krista Stamper",24.03.2015,27.12.2015,965648.00
"Big Serpent","Edmund Nottley",27.04.2015,06.12.2015,880260.00
"Accidentally Eagle","Copper Smith",26.03.2015,04.12.2015,953352.00
"Persistent Scissors","Iris Allerton",19.03.2015,23.07.2015,348640.00
"Forsaken Knife","Liliana Payton",05.03.2015,20.11.2015,655675.00
"Mysterious Gamma","Mckenna Appleton",27.03.2015,12.07.2015,188308.00
"Sad Alarm","Catalina Barlow",20.04.2015,19.09.2015,176048.00
"Eastern Avenue","Merry Ramsay",02.02.2015,13.10.2015,541069.00
"Gruesome Longitude","Xavier Abram",26.04.2015,15.11.2015,753107.00
"Meaningful Full Iron","Blade Padley",20.03.2015,21.11.2015,737504.00
"Hot Toupee","Krista Stamper",13.04.2015,14.09.2015,286691.00
"Tainted Viper","Pell Dudley",03.02.2015,14.10.2015,396670.00
"Rainbow Crossbow","Catalina Barlow",08.04.2015,30.07.2015,7923.00
"Rusty Moon","Sandon Alden",24.02.2015,31.10.2015,540931.00
"Tasty Appropriate Beta","Lina Southey",07.02.2015,24.10.2015,901936.00
"Next Elastic Crossbow","Casey Copeland",04.02.2015,02.08.2015,997068.00
"Liquid Tasty Trombone","Lina Southey",13.06.2015,27.07.2015,158561.00
"Frozen Strong Tungsten","Edmund Nottley",18.04.2015,13.08.2015,406210.00
"Barbaric Cosmic","Edmund Nottley",24.06.2015,12.08.2015,66586.00
"Temple Tainted","Copper Smith",03.03.2015,20.09.2015,464050.00
"Barbaric Puppet","Edmund Nottley",07.01.2015,02.11.2015,771896.00
"Autopsy Brown","Mckenna Appleton",18.06.2015,16.07.2015,479639.00
"Strong Crayon","Copper Smith",24.01.2015,01.12.2015,806897.00
"Worthy Monkey","Merry Ramsay",05.06.2015,06.12.2015,622554.00
"Risky Galaxy","Blade Padley",24.05.2015,29.08.2015,588300.00
"Gutsy Lama","Iris Allerton",07.02.2015,15.08.2015,972895.00
"Supersonic Haystack","Liliana Payton",12.02.2015,24.12.2015,427237.00
"Autopsy Eastern","Elmore Shelly",20.06.2015,27.11.2015,289980.00
"Tiger Orange","Pell Dudley",15.04.2015,25.11.2015,477511.00
"Rocky Burst","Krista Stamper",21.04.2015,22.09.2015,276592.00
"Ninth Breeze","Iris Allerton",30.03.2015,04.11.2015,214331.00
"Rare Tuba","Tavia Chatham",11.05.2015,25.08.2015,276424.00
"Freaky Gamma","Blade Padley",20.01.2015,13.11.2015,409790.00
"Husky Crossbow","Casey Copeland",27.03.2015,02.12.2015,98388.00
"Angry Summer","Poppy Whitney",19.04.2015,09.12.2015,573828.00
"Quality Yard","Tavia Chatham",12.05.2015,29.09.2015,54315.00
"Permanent Mercury","Casey Copeland",06.03.2015,07.10.2015,782932.00
"Brown Jazz","Casey Copeland",24.05.2015,28.09.2015,485646.00
"Surreal Storm","Lina Southey",03.02.2015,17.11.2015,131727.00
"Vital Limousine","Edmund Nottley",02.03.2015,28.11.2015,748869.00
"Sliding Proton","Krista Stamper",01.02.2015,05.11.2015,470672.00
"Strawberry Helium","Pell Dudley",27.03.2015,15.08.2015,107812.00
"Helpless Helium","Mckenna Appleton",18.01.2015,01.09.2015,307084.00
"Rapid Doorstop","Edmund Nottley",18.01.2015,25.10.2015,278010.00
"Dirty Longitude","Krista Stamper",02.04.2015,15.10.2015,913923.00
"Skilled Tire","Pell Dudley",19.04.2015,03.07.2015,634937.00
"Stony Knife","Ballard Ridley",15.02.2015,11.11.2015,267142.00
"Doorstop Risky","Bradly Noonan",28.02.2015,13.08.2015,330603.00
"Aggressive Fist","Krista Stamper",08.04.2015,15.09.2015,58626.00
"Empty Reborn Cloud","Lina Southey",22.04.2015,23.11.2015,3696.00
"Lucky Sunshine","Tavia Chatham",18.01.2015,27.09.2015,535424.00
"Solid Waffle","Ballard Ridley",20.06.2015,18.10.2015,106093.00
"Lucky Trendy","Iris Allerton",17.02.2015,23.12.2015,920068.00
"Red Scarecrow","Edmund Nottley",05.06.2015,03.09.2015,810767.00
"Frostbite Black","Ballard Ridley",05.03.2015,20.10.2015,278322.00
"Lucky Puppet","Tavia Chatham",21.01.2015,03.11.2015,128992.00
"Supersonic Oyster","Elmore Shelly",16.01.2015,15.08.2015,755794.00
"Toupee Liquid","Fearn Hayden",27.01.2015,10.08.2015,956311.00
"Tainted Tasty Tea","Iris Allerton",08.01.2015,15.07.2015,205097.00
"Eastern Galaxy","Xavier Abram",13.05.2015,04.07.2015,529133.00
"Outstanding Viper","Bradly Noonan",09.01.2015,06.07.2015,133021.00
