1,"Trust-Dax",308
2,"Statcom",917
3,"Konksing",198
4,"Sancof",805
5,"Geo-Ity",122
6,"Faxtom",700
7,"K-ing",162
8,"Re Hattip",742
9,"Transtraxing",288
10,"Sailjob",454
11,"Hot Ex",107
12,"Volt Fan",332
13,"Zaam Warm",764
14,"Saoplus",267
15,"Bio Hotin",199
16,"S--Tip",334
17,"Saltsoft",204
18,"Rankeco",623
19,"Zenron",615
20,"Pluswarm",793
21,"Job-String",557
22,"Subtam",485
23,"Zunstock",674
24,"Zaamsailing",142
25,"Singleit",475
26,"Voltex",281
27,"Medfax",607
28,"Mathcom",183
29,"Funtam",313
30,"La Lex",404
31,"S--Ing",774
32,"Blueit",579
33,"La Matlax",905
34,"Inchfix",461
35,"Strongsollab",283
36,"Bioapdom",540
37,"Viasing",787
38,"Lab Zozfan",219
39,"Siltraxzap",504
40,"Medhold",762
41,"Medphase",525
42,"Lexiphase",209
43,"Opetop",815
44,"Nimdax",342
45,"Xxx-sing",935
46,"Trisflex",910
47,"Spanstrong",676
48,"Goldentax",855
49,"Tontom",207
50,"Duoex",845
51,"Zaamsaotrax",526
52,"Ranktam",658
53,"Openwarm",343
54,"Zath Tone",631
55,"Condax",496
56,"Konhottex",978
57,"Tempfax",543
58,"Unatax",342
59,"Faxplus",836
60,"Lam Toncore",902
61,"Dalttough",774
62,"Round Nix",782
63,"Airtouch",508
64,"Gravedom",378
65,"Fasehotstring",208
66,"Greenron",144
67,"Lexi Is",209
68,"Suntom",596
69,"Holdnix",734
70,"Y--Tone",770
71,"Viaanfix",104
72,"Volt Dantough",314
73,"Zerity",961
74,"Fixfind",326
75,"Medplus",744
76,"Dam Is",132
77,"Zaamtech",161
78,"Geo-Plus",273
79,"Light Quobam",230
80,"Inchozetex",431
81,"Zaam-Eco",518
82,"Alphaphase",336
83,"Canfind",290
84,"Y-tone",669
85,"Tamptax",676
86,"Singkix",647
87,"Stimlab",866
88,"San Keytex",133
89,"Voyadax",638
90,"Redsoft",823
91,"Golden Sillam",552
92,"Sumtech",953
93,"Lamlight",135
94,"Matfresh",453
95,"Physron",946
96,"Ozerstring",415
97,"Unotax",543
98,"Quad-Dax",211
99,"Hotransing",608
100,"Singlewarm",253
101,"Nimla",323
102,"Lamzap",305
103,"Itdox",122
104,"Lightla",165
105,"Tantonfix",970
106,"Triscore",327
107,"X-lax",762
108,"Findox",383
109,"Tresfax",933
110,"Temp-Dox",174
111,"Joblotfan",700
112,"Yearplus",686
113,"Stronglam",195
114,"Indigozuming",297
115,"Tranfan",144
116,"U-fix",784
117,"Tiptop",255
118,"Incof",257
119,"Via-Core",594
120,"Spanwarm",624
121,"Don Dax",398
122,"Truedax",534
123,"Zone-Lux",236
124,"Itlex",198
125,"Zoomlux",884
126,"Vila-Ing",960
127,"Ozerdom",754
128,"Tandox",921
129,"Fax Tax",106
130,"Haytax",660
131,"Quotech",316
132,"Viafresh",365
133,"Can Nix",234
134,"Strong-Dax",951
135,"Toughsing",495
136,"Medsing",191
137,"Finnix",723
138,"Tinex",650
139,"X-ity",646
140,"Vialam",309
141,"Redzap",956
142,"Round-Lax",521
143,"Bamtough",552
144,"Viva-Dex",365
145,"Santex",500
146,"Son-Dax",137
147,"Saotech",659
148,"Top Zoozap",129
149,"Light-Tip",823
150,"Tamping",484
151,"Substring",254
152,"Lighttouch",861
153,"Unifax",642
154,"Quadflex",461
155,"Key Donlex",394
156,"Strongkix",684
157,"Bamfax",694
158,"Restring",596
159,"Hotin",646
160,"Tech Nix",644
161,"Single-Phase",272
162,"Supering",914
163,"Scot Apdax",334
164,"Ranhold",555
165,"U-zap",993
166,"Connix",370
167,"Dondax",251
168,"Voyawarm",544
169,"Zaamsoft",676
170,"Opentop",326
171,"Flextouch",787
172,"Fasecore",128
173,"Hay-Ing",106
174,"Super Tax",586
175,"Stattrax",993
176,"Hayhome",718
177,"Quotom",673
178,"Alphastock",898
179,"Ron-Fresh",976
180,"Joydox",545
181,"Topsantam",952
182,"Lexiron",544
183,"Alphacof",450
184,"Unitop",420
185,"Top Jayphase",192
186,"Vilafind",174
187,"Tough-Strong",207
188,"Span Dinstock",348
189,"Singlefind",715
190,"Fixdom",497
191,"Holdplus",518
192,"Ecocof",118
193,"Sontip",154
194,"Bluenix",263
195,"Volt Tech",889
196,"Hot-Tom",123
197,"Jayfresh",274
198,"Scotphase",869
199,"Bamsiltam",581
200,"Zonefix",362
201,"U-runfan",348
202,"Haydex",960
203,"Faseity",315
204,"Quote Lotstring",127
205,"Indigo Matla",800
206,"New Tom",451
207,"Tamp Tom",909
208,"Apcore",270
209,"Truelax",371
210,"Vaiastring",236
211,"Duo Zimhold",991
212,"Transtex",422
213,"Lexilex",603
214,"Superdox",975
215,"Quote-Find",334
216,"Suntam",679
217,"Groovelight",622
218,"Voltozefax",674
219,"Stockdox",633
220,"Itity",826
221,"Top-La",180
222,"Funsantrax",380
223,"U- Cof",372
224,"San Tintam",101
225,"Dondamlax",395
226,"Biophase",711
227,"Homelux",517
228,"Viva Zap",958
229,"Zumkeystrong",160
230,"San Tam",858
231,"Freewarm",324
232,"Kin-String",281
233,"In Bam",701
234,"Vollux",240
235,"Unanamhold",919
236,"Gold Hold",768
237,"Gold-Air",319
238,"Damrunlax",612
239,"Donfind",515
240,"Stanfresh",508
241,"Quadovefix",413
242,"Zootam",681
243,"Sol-La",844
244,"Sil Dancom",297
245,"X-nix",520
246,"Tripplefan",198
247,"Scotcom",775
248,"Drip-Tam",825
249,"Sailzap",986
250,"Konking",568
251,"Alphalex",774
252,"Zookayfresh",624
253,"Tip-Cof",902
254,"Ecoity",608
255,"Voltcom",857
256,"Daltlux",390
257,"Zumma Kix",637
258,"Quadhome",997
259,"Labfix",201
260,"Bigtom",149
261,"Bighome",909
262,"Funtough",152
263,"String Fix",407
264,"Trislax",912
265,"Nimfind",562
266,"Alphatech",441
267,"Konk Ing",137
268,"Stringdom",823
269,"Vialight",140
270,"Goldjob",560
271,"Scotdex",848
272,"Ope Job",534
273,"Saowarm",593
274,"Sun Fix",867
275,"Quotedom",638
276,"It Otlux",522
277,"Zath Runing",947
278,"Super Zuntip",491
279,"Redfind",627
280,"Sildom",897
281,"Flexzap",810
282,"Villazimjob",862
283,"Medzunplus",288
284,"Zumtax",247
285,"Trustzimit",198
286,"Year Find",315
287,"Stocking",566
288,"Tresla",590
289,"Santex",885
290,"Zun It",680
291,"Home Nimdax",322
292,"Kintax",992
293,"Hot Quadtech",544
294,"Quadbam",880
295,"U-ity",502
296,"Roundbam",437
297,"Translux",284
298,"Subtop",654
299,"Dalt Stattop",534
300,"Mat Zimbam",926
301,"Indigoing",402
302,"Ontotop",521
303,"Soft Hotsoft",234
304,"Zone-Fax",387
305,"Yearsaning",407
306,"Inchwarm",418
307,"Tin-Trax",663
308,"Tran-Tip",325
309,"Lotair",947
310,"Trio Damsoft",107
311,"Haylab",742
312,"Eco Lattouch",145
313,"Ozerfind",242
314,"Freeron",504
315,"Tripple Sing",260
316,"Villafinit",371
317,"Matit",787
318,"Freshqvoplus",887
319,"Medis",780
320,"Coflab",182
321,"Fasetola",332
322,"Fresh-La",838
