1,"client_1","Kristy","Dean",5
2,"client_2","Ellis","Ortega",4
3,"client_3","Joseph","Bridges",2
4,"client_4","Brandon","Porter",1
5,"client_5","Lowell","Hamilton",6
6,"client_6","Sherman","Rogers",1
7,"client_7","Bessie","Reynolds",2
8,"client_8","Willie","Day",2
9,"client_9","Maggie","Jennings",2
10,"client_10","Gene","Copeland",7
11,"client_11","Chester","Pena",7
12,"client_12","Jeannie","Miles",2
13,"client_13","Clifford","Poole",1
14,"client_14","Leo","Freeman",8
15,"client_15","Michael","Foster",4
16,"client_16","Drew","Copeland",7
17,"client_17","Carla","Price",4
18,"client_18","Tommie","Patrick",7
19,"client_19","Maggie","Lowe",1
20,"client_20","Thelma","Marshall",7
21,"client_21","Sarah","Taylor",4
22,"client_22","Hope","Kennedy",2
23,"client_23","Cassandra","Boyd",6
24,"client_24","Lynette","Howell",1
25,"client_25","Brandy","Carroll",2
26,"client_26","Alice","Sharp",1
27,"client_27","Jorge","Glover",1
28,"client_28","Camille","King",8
29,"client_29","Ernest","Allison",1
30,"client_30","Thelma","Harrington",5
31,"client_31","Hannah","Cohen",1
32,"client_32","Jeff","Carr",5
33,"client_33","Julius","Simmons",4
34,"client_34","Domingo","Webster",3
35,"client_35","Billy","Hall",3
36,"client_36","Timmy","Robbins",8
37,"client_37","Toni","Pope",3
38,"client_38","Carole","Alvarez",4
39,"client_39","Glen","Richardson",5
40,"client_40","Danielle","Barton",1
41,"client_41","Jacquelyn","Norton",7
42,"client_42","Chris","West",2
43,"client_43","Jessie","Lane",4
44,"client_44","Sandra","Perkins",4
45,"client_45","Carlton","Rogers",3
46,"client_46","Muriel","Simon",3
47,"client_47","Della","Strickland",2
48,"client_48","Naomi","Chavez",1
49,"client_49","Alexander","Sutton",4
50,"client_50","Gordon","Rodriguez",5
51,"client_51","Dominic","Ortiz",2
52,"client_52","Jerome","Webb",1
53,"client_53","Ralph","Cortez",7
54,"client_54","Elsa","Bowen",3
55,"client_55","Gertrude","Parker",5
56,"client_56","Otis","Price",8
57,"client_57","Jessie","Burgess",4
58,"client_58","Pearl","Larson",3
59,"client_59","Lisa","Anderson",2
60,"client_60","Elijah","Lawrence",5
61,"client_61","Warren","Norris",4
62,"client_62","Clark","Warner",6
63,"client_63","Gregg","Bowers",7
64,"client_64","Martin","Graham",5
65,"client_65","Wayne","Reynolds",3
66,"client_66","Carolyn","Griffith",6
67,"client_67","Courtney","Mullins",8
68,"client_68","Jerald","Conner",3
69,"client_69","Gloria","Harper",5
70,"client_70","Wallace","Christensen",6
71,"client_71","Rachel","Duncan",7
72,"client_72","Nellie","Lowe",3
73,"client_73","Annette","Hale",1
74,"client_74","Erma","Horton",5
75,"client_75","Nettie","Wright",3
76,"client_76","Wendy","Houston",7
77,"client_77","Mattie","Stephens",4
78,"client_78","Deanna","Martinez",6
79,"client_79","Adrienne","Colon",4
80,"client_80","Ollie","Love",5
81,"client_81","Jeffrey","Frazier",8
82,"client_82","Ebony","Page",3
83,"client_83","Andrew","Norman",6
84,"client_84","Jackie","Little",7
85,"client_85","Beatrice","Hampton",4
86,"client_86","Fred","Morris",8
87,"client_87","Leona","Goodwin",4
88,"client_88","Clay","Mcgee",8
89,"client_89","Mike","Douglas",2
90,"client_90","Alexis","Meyer",7
91,"client_91","Guillermo","Hoffman",1
92,"client_92","Zachary","Moss",3
93,"client_93","Nancy","Casey",6
94,"client_94","Sharon","Morrison",3
95,"client_95","Jan","Haynes",8
96,"client_96","Fannie","Cross",1
97,"client_97","Corey","Johnston",1
98,"client_98","Rene","Figueroa",3
99,"client_99","Diane","Gibbs",8
100,"client_100","Sandy","Hart",2
101,"client_101","Melanie","Santiago",5
102,"client_102","Opal","Patterson",2
103,"client_103","Jeffery","Patrick",1
104,"client_104","Lewis","Barker",2
105,"client_105","Tracy","Fuller",2
106,"client_106","Marion","Cook",3
107,"client_107","Sammy","Lambert",3
108,"client_108","Manuel","Klein",5
109,"client_109","Geraldine","Garrett",5
110,"client_110","Thomas","Butler",4
111,"client_111","Bert","Jones",4
112,"client_112","Violet","Rodgers",3
113,"client_113","Rick","Zimmerman",8
114,"client_114","Margie","Mcguire",8
115,"client_115","Lena","Arnold",3
116,"client_116","Susan","Sanchez",3
117,"client_117","Misty","Diaz",1
118,"client_118","Rickey","Gill",2
119,"client_119","Gene","Fox",8
120,"client_120","Ross","Bates",3
121,"client_121","Paula","Wright",5
122,"client_122","Deanna","Moore",3
123,"client_123","Nick","Harris",7
124,"client_124","Ramona","Daniels",2
125,"client_125","Ethel","Gardner",8
126,"client_126","Bryant","Little",2
127,"client_127","Sharon","Ballard",4
128,"client_128","Suzanne","Walters",5
129,"client_129","Cecilia","Moss",7
130,"client_130","Lila","Vega",4
131,"client_131","Ida","Guerrero",6
132,"client_132","Dawn","Peterson",1
133,"client_133","Diane","Lloyd",3
134,"client_134","Michelle","Adkins",3
135,"client_135","Monica","Nunez",5
136,"client_136","Max","Vasquez",2
137,"client_137","Delbert","Summers",6
138,"client_138","Rick","Howell",3
139,"client_139","Edith","Holmes",5
140,"client_140","Traci","Wilkerson",2
141,"client_141","Lee","Dean",6
142,"client_142","Winston","Rose",7
143,"client_143","Tabitha","Lynch",1
144,"client_144","Ollie","Obrien",6
145,"client_145","Stephanie","Wagner",5
146,"client_146","Mattie","Waters",1
147,"client_147","Nettie","Barker",5
148,"client_148","Ronald","Price",6
149,"client_149","Roberta","Miller",6
150,"client_150","Jeremy","Stewart",8
151,"client_151","Lyle","Fuller",6
152,"client_152","Lester","Richards",7
153,"client_153","Johanna","Jennings",1
154,"client_154","Verna","Hall",8
155,"client_155","Levi","Bush",5
156,"client_156","Raymond","Perkins",8
157,"client_157","Terrence","Erickson",7
158,"client_158","Moses","Morrison",6
159,"client_159","Lillian","Jefferson",7
160,"client_160","Elias","Mcgee",8
161,"client_161","Alexandra","Shaw",2
162,"client_162","Jill","Baker",1
163,"client_163","Patty","Gross",6
164,"client_164","Belinda","Gilbert",8
165,"client_165","Blanca","Warner",6
166,"client_166","Jeffery","Manning",4
167,"client_167","Tasha","Stanley",7
168,"client_168","Genevieve","Estrada",4
169,"client_169","Daisy","Stokes",1
170,"client_170","Alexis","Griffith",3
171,"client_171","Cory","Tate",8
172,"client_172","Annie","Mitchell",4
173,"client_173","Anna","Harrison",2
174,"client_174","Jody","Briggs",2
175,"client_175","Jay","Underwood",3
176,"client_176","Rene","Peters",2
177,"client_177","Clifford","Jensen",4
178,"client_178","Julie","Sherman",3
179,"client_179","Jeffrey","Johnson",4
180,"client_180","Emily","Hoffman",3
181,"client_181","Rogelio","Bryan",2
182,"client_182","Manuel","Garza",4
183,"client_183","Brandy","Mills",2
184,"client_184","Craig","Russell",2
185,"client_185","Luz","Higgins",5
186,"client_186","Marcus","Hanson",5
187,"client_187","Miriam","Hale",8
188,"client_188","Kevin","Watkins",6
189,"client_189","Laura","Saunders",6
190,"client_190","Lorena","Holland",1
191,"client_191","Morris","Castro",5
192,"client_192","Regina","Quinn",2
193,"client_193","Joel","Craig",1
194,"client_194","Shelley","Hines",6
195,"client_195","Debbie","Alexander",5
196,"client_196","Janice","White",1
197,"client_197","Elisa","Haynes",7
198,"client_198","Janis","Webb",5
199,"client_199","Taylor","Griffin",8
200,"client_200","Oliver","Hughes",5
201,"client_201","Monique","Boyd",7
202,"client_202","Douglas","Santos",7
203,"client_203","Alma","Rivera",4
204,"client_204","Boyd","Logan",1
205,"client_205","Nicolas","Ward",4
206,"client_206","Donnie","Bowen",1
207,"client_207","Jaime","Bailey",3
208,"client_208","Olive","Patterson",1
209,"client_209","Toby","Bass",5
210,"client_210","Edmund","Wallace",1
211,"client_211","Dave","Castillo",7
212,"client_212","Stephen","Daniel",1
213,"client_213","Kristy","Cruz",5
214,"client_214","Armando","Ramos",6
215,"client_215","Van","Montgomery",3
216,"client_216","Flora","Black",5
217,"client_217","Elbert","Drake",4
218,"client_218","Cathy","Reyes",6
219,"client_219","Milton","Vaughn",8
220,"client_220","Woodrow","Alvarado",7
221,"client_221","Willie","Parsons",5
222,"client_222","Sadie","Logan",5
223,"client_223","Ada","Gray",5
224,"client_224","Albert","Lawson",6
225,"client_225","Leigh","Pierce",2
226,"client_226","Ramon","Stevenson",5
227,"client_227","Zachary","Hammond",3
228,"client_228","Domingo","Garza",7
229,"client_229","Nora","Hughes",3
230,"client_230","Julius","Briggs",3
231,"client_231","Marvin","Nash",7
232,"client_232","Maxine","Nunez",6
233,"client_233","Daisy","Wilkins",6
234,"client_234","Agnes","Ortiz",3
235,"client_235","Johnny","Freeman",3
236,"client_236","Jared","Howard",1
237,"client_237","Salvatore","Rodriguez",3
238,"client_238","Tracey","Vargas",8
239,"client_239","Isaac","Adams",6
240,"client_240","Judy","Nelson",8
241,"client_241","Ethel","Burton",6
242,"client_242","Olive","Thornton",7
243,"client_243","Raul","Weber",4
244,"client_244","Shirley","Mason",5
245,"client_245","Florence","Greene",2
246,"client_246","June","Lindsey",4
247,"client_247","Garrett","Cook",7
248,"client_248","Cesar","Mcdonald",2
249,"client_249","Carrie","Hawkins",7
250,"client_250","Taylor","Walton",6
251,"client_251","Harold","Alvarez",8
252,"client_252","Kayla","Watts",1
253,"client_253","Gladys","Snyder",6
254,"client_254","Kelley","West",3
255,"client_255","Lana","Russell",7
256,"client_256","Sandy","Frank",6
257,"client_257","Edmund","Mcbride",2
258,"client_258","Al","Rios",7
259,"client_259","Lisa","Watkins",6
260,"client_260","Johnnie","Morales",8
261,"client_261","Shane","Mccormick",6
262,"client_262","Leah","Gilbert",8
263,"client_263","Erma","Garner",4
264,"client_264","Larry","Blake",8
265,"client_265","Edgar","Hampton",7
266,"client_266","Harvey","Mills",7
267,"client_267","Alvin","Richardson",4
268,"client_268","Raquel","Nichols",8
269,"client_269","Eric","Moreno",5
270,"client_270","Lewis","Lowe",2
271,"client_271","Shannon","Gomez",7
272,"client_272","Sidney","Douglas",1
273,"client_273","Elijah","Vaughn",3
274,"client_274","Annie","Jordan",6
275,"client_275","Ollie","Fernandez",3
276,"client_276","Amber","Quinn",2
277,"client_277","Francis","Hunt",4
278,"client_278","Vanessa","Caldwell",1
279,"client_279","Edna","Barnes",4
280,"client_280","Sonia","Jimenez",2
281,"client_281","Gustavo","Silva",6
282,"client_282","Tricia","Spencer",4
283,"client_283","Bridget","Miles",5
284,"client_284","Steven","Hines",6
285,"client_285","Erin","Simon",6
286,"client_286","Verna","Carr",1
287,"client_287","Saul","Butler",2
288,"client_288","Edith","Mccarthy",1
289,"client_289","Patrick","Beck",2
290,"client_290","Krista","Poole",3
291,"client_291","Arnold","Clarke",6
292,"client_292","Lance","Wagner",7
293,"client_293","Carl","Mack",5
294,"client_294","Regina","Reeves",1
295,"client_295","Andre","Hayes",4
296,"client_296","Morris","Lyons",8
297,"client_297","Marsha","Wright",6
298,"client_298","Jay","Moody",8
299,"client_299","Christopher","Goodwin",7
300,"client_300","Olivia","Ellis",7
301,"client_301","Nadine","Taylor",2
302,"client_302","Victor","Tyler",5
303,"client_303","Lindsey","Maxwell",2
304,"client_304","Pearl","Ray",8
305,"client_305","Dwight","Huff",5
306,"client_306","Melody","Leonard",2
307,"client_307","Jamie","Garrett",7
308,"client_308","Peggy","Gordon",7
309,"client_309","Todd","Banks",3
310,"client_310","Eloise","Hansen",1
311,"client_311","Lillian","Gregory",8
312,"client_312","Brian","Harris",6
313,"client_313","Freda","Hodges",8
314,"client_314","Brenda","Jennings",2
315,"client_315","Jacob","Lane",4
316,"client_316","Marcella","Carter",3
317,"client_317","Stacey","Hunter",2
318,"client_318","Christy","Vega",7
319,"client_319","Stewart","Becker",1
320,"client_320","Dallas","Harper",3
321,"client_321","Walter","Ford",8
322,"client_322","Cesar","Hamilton",2
323,"client_323","Kim","Myers",7
324,"client_324","Marta","Graham",1
325,"client_325","Iris","Wise",6
326,"client_326","Julie","Vaughn",2
327,"client_327","Cindy","Taylor",5
328,"client_328","Clayton","Sullivan",7
329,"client_329","Holly","Obrien",3
330,"client_330","Barry","Collier",6
331,"client_331","Marilyn","Larson",6
332,"client_332","Nadine","Miller",1
333,"client_333","Marcus","Medina",8
334,"client_334","Matt","Dixon",5
335,"client_335","Dorothy","Mann",3
336,"client_336","Daniel","Clayton",3
337,"client_337","Jesus","Beck",7
338,"client_338","Tamara","Turner",8
339,"client_339","Brenda","Henderson",7
340,"client_340","Ebony","Higgins",2
341,"client_341","Bonnie","Ballard",5
342,"client_342","Jeremiah","Klein",7
343,"client_343","Garrett","Hardy",1
344,"client_344","Shelly","Wallace",2
345,"client_345","Stephen","West",7
346,"client_346","Roderick","Cannon",1
347,"client_347","Eva","Floyd",4
348,"client_348","Krystal","Hale",8
349,"client_349","Jessie","Mclaughlin",5
350,"client_350","Louise","Bowman",3
351,"client_351","Johnny","Kim",4
352,"client_352","Renee","Mcbride",8
353,"client_353","Jesse","Huff",2
354,"client_354","Lee","Henry",5
355,"client_355","Max","Erickson",2
356,"client_356","Joanna","Roy",4
357,"client_357","Simon","Steele",3
358,"client_358","Abraham","Young",8
359,"client_359","Craig","Pittman",5
360,"client_360","Alfredo","Moreno",8
361,"client_361","Sylvia","Gutierrez",2
362,"client_362","Cecil","Pena",1
363,"client_363","Josh","Hunt",1
364,"client_364","Ernesto","Blake",1
365,"client_365","Brooke","Montgomery",3
366,"client_366","Rosemary","Soto",1
367,"client_367","Victor","Silva",7
368,"client_368","Jackie","Bishop",1
369,"client_369","Hattie","Perry",4
370,"client_370","Helen","Casey",4
371,"client_371","Cheryl","Bryan",4
372,"client_372","Johnathan","Pope",6
373,"client_373","Grant","Kennedy",8
374,"client_374","Ray","Boyd",4
375,"client_375","Abel","Powell",6
376,"client_376","Lonnie","Goodwin",2
377,"client_377","Virginia","Mendoza",4
378,"client_378","Lorena","Lamb",5
379,"client_379","Samantha","Mills",5
380,"client_380","Clyde","Adams",7
381,"client_381","Forrest","Jackson",7
382,"client_382","Candice","Simpson",3
383,"client_383","Nick","Watson",2
384,"client_384","Carroll","Cox",4
385,"client_385","Bernard","Lambert",8
386,"client_386","Jose","Graves",8
387,"client_387","Isaac","Ellis",1
388,"client_388","Ken","Barnes",8
389,"client_389","Yolanda","Mcguire",1
390,"client_390","Tyrone","Woods",5
391,"client_391","Jerry","Griffith",7
392,"client_392","Guadalupe","Harmon",6
393,"client_393","Darrin","Glover",5
394,"client_394","Ellis","Arnold",1
395,"client_395","Vicky","Stokes",8
396,"client_396","Allison","Snyder",1
397,"client_397","Jeffery","Moody",1
398,"client_398","Robert","Nelson",8
399,"client_399","Pete","Kelley",2
400,"client_400","Viola","Chavez",2
401,"client_401","Marlene","Rodgers",8
402,"client_402","Laurence","Brock",3
403,"client_403","Katrina","Jacobs",6
404,"client_404","Rosalie","Brady",8
405,"client_405","Javier","Franklin",1
406,"client_406","Judy","Mack",7
407,"client_407","Earl","Price",6
408,"client_408","Freda","Stevenson",3
409,"client_409","Rolando","Peters",8
410,"client_410","Theresa","Adkins",5
411,"client_411","Ivan","Burke",6
412,"client_412","Connie","Wilson",3
413,"client_413","Brian","Morales",5
414,"client_414","Fannie","Long",8
415,"client_415","Clay","Walsh",6
416,"client_416","Bridget","Wolfe",1
417,"client_417","Dana","Black",3
418,"client_418","Alan","Weaver",1
419,"client_419","Alfonso","Blair",8
420,"client_420","Lucille","Lawrence",7
421,"client_421","Brandon","Gibson",7
422,"client_422","Kristina","Roy",2
423,"client_423","Natasha","Torres",5
424,"client_424","Rebecca","Carson",8
425,"client_425","Santiago","Murray",6
426,"client_426","Amanda","Horton",6
427,"client_427","Katie","Walsh",8
428,"client_428","Ronnie","Parsons",2
429,"client_429","Darnell","Dawson",2
430,"client_430","Marsha","Kennedy",7
431,"client_431","Audrey","Becker",8
432,"client_432","Lynette","Russell",7
433,"client_433","Ora","Phillips",5
434,"client_434","Josephine","Shaw",4
435,"client_435","Bertha","Lopez",3
436,"client_436","Dominic","Potter",6
437,"client_437","Clyde","Rodriquez",8
438,"client_438","Derrick","Vaughn",1
439,"client_439","Blake","Johnston",6
440,"client_440","Alfred","Vasquez",3
441,"client_441","Allen","Flores",5
442,"client_442","Maureen","Henry",3
443,"client_443","Hattie","Patton",6
444,"client_444","Vickie","Cooper",4
445,"client_445","Levi","Perez",4
446,"client_446","Pete","Haynes",4
447,"client_447","Katrina","Garner",3
448,"client_448","Alberto","Wagner",3
449,"client_449","Clifford","Coleman",5
450,"client_450","Pablo","Blair",7
451,"client_451","Olivia","Lamb",2
452,"client_452","Lillian","Weaver",1
453,"client_453","Christine","Marsh",3
454,"client_454","Andre","Love",3
455,"client_455","Donald","Rice",2
456,"client_456","Beverly","Mcbride",6
457,"client_457","Gina","Brock",8
458,"client_458","Bradley","Wade",7
459,"client_459","Wendell","Pope",7
460,"client_460","Alexandra","Thompson",4
461,"client_461","Jennie","Mckinney",6
462,"client_462","Miriam","Lewis",3
463,"client_463","Clark","Howell",8
464,"client_464","Tonya","Gardner",6
465,"client_465","Kerry","Hines",3
466,"client_466","Rosa","Morrison",5
467,"client_467","Caleb","Watts",7
468,"client_468","Kathleen","Ellis",4
469,"client_469","Amber","Chavez",7
470,"client_470","Thomas","Flowers",3
471,"client_471","Leo","Underwood",2
472,"client_472","Jackie","Lambert",7
473,"client_473","Rene","Bass",8
474,"client_474","Alton","Mcdonald",8
475,"client_475","David","Holloway",7
476,"client_476","Joshua","Obrien",1
477,"client_477","Mona","Parker",3
478,"client_478","Erin","Foster",3
479,"client_479","Sidney","Boone",6
480,"client_480","Ramon","Paul",4
481,"client_481","Milton","Blake",7
482,"client_482","Virgil","Ortiz",7
483,"client_483","Mandy","Erickson",4
484,"client_484","Theresa","Hayes",4
485,"client_485","Kelly","Rodriguez",6
486,"client_486","Jody","Robinson",7
487,"client_487","Benny","Nunez",1
488,"client_488","Georgia","Little",3
489,"client_489","Mack","Pena",8
490,"client_490","Erika","Simmons",6
491,"client_491","Lucia","Larson",5
492,"client_492","Brenda","Bishop",8
493,"client_493","Leslie","Washington",1
494,"client_494","Boyd","Cunningham",6
495,"client_495","Eugene","Diaz",5
496,"client_496","Jacob","Jensen",3
497,"client_497","Nora","Gonzales",7
498,"client_498","Nadine","Morton",8
499,"client_499","Tyler","Myers",7
500,"client_500","Bobbie","Colon",5
501,"client_501","Casey","Peterson",7
502,"client_502","Silvia","Armstrong",6
503,"client_503","Dianne","Adkins",1
504,"client_504","Johnnie","Carr",6
505,"client_505","Mitchell","Johnson",3
506,"client_506","Ryan","Stevenson",1
507,"client_507","Beatrice","Rodgers",4
508,"client_508","Tony","Goodwin",8
509,"client_509","Jean","Thomas",3
510,"client_510","Pat","Chandler",4
511,"client_511","Shane","Gutierrez",2
512,"client_512","Elias","Vega",3
513,"client_513","Clayton","Martin",8
514,"client_514","Kathy","Cummings",7
515,"client_515","Hugh","Rowe",6
516,"client_516","Felipe","Patrick",1
517,"client_517","Alison","Brown",2
518,"client_518","Brendan","Osborne",8
519,"client_519","Tami","Stokes",3
520,"client_520","Tracey","Ramsey",6
521,"client_521","Jessica","Mccarthy",4
522,"client_522","Moses","Colon",1
523,"client_523","Helen","Adams",7
524,"client_524","Jana","Flores",4
525,"client_525","Jeremiah","Hammond",4
526,"client_526","Dora","Fowler",7
527,"client_527","Tim","Dean",1
528,"client_528","Tyrone","Ray",7
529,"client_529","Patti","Valdez",8
530,"client_530","Joel","Maldonado",5
531,"client_531","Craig","Peters",7
532,"client_532","Javier","Steele",1
533,"client_533","Johnathan","Gonzalez",2
534,"client_534","Marta","Baldwin",8
535,"client_535","Jacob","Sanders",6
536,"client_536","Brandi","Joseph",3
537,"client_537","Anita","Schultz",2
538,"client_538","Lester","Fitzgerald",5
539,"client_539","Sherry","Pittman",7
540,"client_540","Felicia","Moody",5
541,"client_541","Roman","Ballard",8
542,"client_542","Jeremy","Bailey",6
543,"client_543","Myrtle","Brewer",4
544,"client_544","Debra","Terry",7
545,"client_545","Ian","Martin",3
546,"client_546","Robin","Smith",6
547,"client_547","Rudolph","Santos",2
548,"client_548","Michele","Ramos",8
549,"client_549","Alvin","Obrien",6
550,"client_550","Monica","Mcbride",8
551,"client_551","Henry","Becker",7
552,"client_552","Julie","Ward",5
553,"client_553","Alfonso","Garcia",2
554,"client_554","Hope","Conner",8
555,"client_555","Lynda","Reynolds",6
556,"client_556","Marie","Cross",1
557,"client_557","Roosevelt","Roy",1
558,"client_558","Walter","Mendoza",7
559,"client_559","Terri","Swanson",2
560,"client_560","Linda","Miles",7
561,"client_561","Anna","Collier",7
562,"client_562","Eileen","Jefferson",3
563,"client_563","Adam","Peterson",8
564,"client_564","Ronald","Griffin",8
565,"client_565","Pat","Vaughn",7
566,"client_566","Amber","Marsh",7
567,"client_567","Stacey","Perez",8
568,"client_568","Eula","Barnett",1
569,"client_569","Allan","Schneider",3
570,"client_570","Luther","Barrett",4
571,"client_571","Laurie","Henry",5
572,"client_572","Vernon","Rios",7
573,"client_573","Sonya","Hines",8
574,"client_574","Mildred","Reyes",4
575,"client_575","Dianne","Rose",1
576,"client_576","Gabriel","Farmer",8
577,"client_577","Ross","Sims",6
578,"client_578","Colleen","Simon",2
579,"client_579","Ted","Sullivan",2
580,"client_580","Florence","Kelley",1
581,"client_581","Sue","Briggs",8
582,"client_582","Evelyn","Mendez",6
583,"client_583","Cathy","Jones",4
584,"client_584","Benjamin","Moore",1
585,"client_585","Carol","Webb",2
586,"client_586","Deanna","Gill",6
587,"client_587","Rose","Harvey",4
588,"client_588","Albert","Hoffman",2
589,"client_589","Lila","Daniels",7
590,"client_590","Lowell","Barber",4
591,"client_591","Tiffany","Lawson",4
592,"client_592","Isabel","Wilson",2
593,"client_593","Mike","Dunn",4
594,"client_594","Conrad","Montgomery",6
595,"client_595","Gilbert","Mckenzie",2
596,"client_596","Neil","Pena",4
597,"client_597","Ervin","Malone",3
598,"client_598","Gertrude","Howard",8
599,"client_599","Diane","Stevens",8
600,"client_600","Melinda","Higgins",4
601,"client_601","Toby","Salazar",5
602,"client_602","Randolph","Rivera",7
603,"client_603","Adrian","Rhodes",3
604,"client_604","Jessie","Duncan",4
605,"client_605","Freddie","Townsend",7
606,"client_606","Phyllis","Zimmerman",1
607,"client_607","Laurence","Byrd",5
608,"client_608","Kim","Kennedy",6
609,"client_609","Tom","Sandoval",8
610,"client_610","Jimmy","Cortez",1
611,"client_611","Seth","Fields",4
612,"client_612","Sergio","Harmon",1
613,"client_613","Courtney","Mcdonald",7
614,"client_614","Jean","Miller",4
615,"client_615","Verna","Harrington",5
616,"client_616","Ramona","Blair",7
617,"client_617","Raul","Williamson",5
618,"client_618","Alfredo","Potter",6
619,"client_619","Pauline","Ingram",1
620,"client_620","Alex","Cobb",4
621,"client_621","Joanne","Jenkins",4
622,"client_622","Elsie","Ray",3
623,"client_623","Floyd","Wade",8
624,"client_624","Salvador","Dixon",7
625,"client_625","Vera","Garza",6
626,"client_626","Edwin","Ellis",6
627,"client_627","Brenda","Wilkins",2
628,"client_628","Emily","Daniels",7
629,"client_629","Matt","Hale",4
630,"client_630","Ronald","Hanson",5
631,"client_631","Andre","Alexander",8
632,"client_632","Constance","Carson",5
633,"client_633","Edward","Vaughn",6
634,"client_634","Joe","Robbins",4
635,"client_635","Douglas","Turner",7
636,"client_636","Arturo","Fitzgerald",1
637,"client_637","Doyle","Lopez",7
638,"client_638","Lorena","Carroll",4
639,"client_639","Neil","Floyd",4
640,"client_640","Steve","Goodman",3
641,"client_641","Shannon","Bishop",8
642,"client_642","Elaine","Harris",5
643,"client_643","Roman","Robinson",3
644,"client_644","Roderick","Romero",8
645,"client_645","Kristi","Allison",6
646,"client_646","Darnell","Marshall",7
647,"client_647","Muriel","Morales",5
648,"client_648","Deborah","Mack",8
649,"client_649","Saul","Carlson",3
650,"client_650","Sheri","Henderson",8
651,"client_651","Candace","Douglas",5
652,"client_652","Carmen","Shaw",6
653,"client_653","Devin","Luna",5
654,"client_654","Nathan","Wolfe",7
655,"client_655","Rogelio","Sharp",6
656,"client_656","Leigh","Ruiz",8
657,"client_657","Tara","Wood",6
658,"client_658","Roy","Miller",3
659,"client_659","Natalie","Black",2
660,"client_660","Daniel","Logan",8
661,"client_661","Jody","Sandoval",1
662,"client_662","Elijah","Hamilton",6
663,"client_663","Lynn","Daniel",7
664,"client_664","Flora","Lindsey",1
665,"client_665","Kevin","Kim",4
666,"client_666","Raymond","Perez",3
667,"client_667","Luis","Kelly",8
668,"client_668","Guy","Mason",5
669,"client_669","Gregg","Harvey",5
670,"client_670","Ginger","Chavez",1
671,"client_671","Leo","Perry",4
672,"client_672","Mike","Jennings",3
673,"client_673","Gail","Bryant",1
674,"client_674","Henry","Rogers",6
675,"client_675","Derrick","Thornton",5
676,"client_676","Jorge","Butler",8
677,"client_677","Lorenzo","Miles",4
678,"client_678","Regina","Hammond",2
679,"client_679","Rosemary","Weber",7
680,"client_680","Randal","Gilbert",4
681,"client_681","Laurie","Owens",8
682,"client_682","Ada","Maxwell",1
683,"client_683","Kenny","Pearson",2
684,"client_684","Sadie","Moran",4
685,"client_685","Drew","Murphy",2
686,"client_686","Harvey","Burton",5
687,"client_687","Della","Jordan",8
688,"client_688","Jean","Rodriguez",7
689,"client_689","Dwight","Townsend",8
690,"client_690","Ricky","Massey",2
691,"client_691","Dora","Boyd",4
692,"client_692","Audrey","Hart",5
693,"client_693","Edgar","Barker",8
694,"client_694","Reginald","Powers",5
695,"client_695","Gladys","Howard",3
696,"client_696","Robin","Lynch",8
697,"client_697","Simon","Meyer",2
698,"client_698","Wesley","Neal",6
699,"client_699","Janis","Welch",8
700,"client_700","Joan","Ford",1
701,"client_701","Nora","Hubbard",2
702,"client_702","Owen","Cohen",3
703,"client_703","May","Mills",3
704,"client_704","Tyler","Bradley",7
705,"client_705","Corey","Copeland",8
706,"client_706","Patrick","Sutton",8
707,"client_707","Darrin","Maldonado",4
708,"client_708","Sheldon","Bates",1
709,"client_709","Perry","Willis",8
710,"client_710","Barry","Wheeler",1
711,"client_711","Van","Parks",7
712,"client_712","Willis","Patrick",2
713,"client_713","Beth","Drake",3
714,"client_714","Jeannie","Cain",8
715,"client_715","Tracy","Gonzales",7
716,"client_716","Stacy","Hoffman",5
717,"client_717","Mark","Herrera",6
718,"client_718","Minnie","Norton",6
719,"client_719","Maryann","Medina",1
720,"client_720","Felipe","Ball",5
721,"client_721","Terrance","Castro",6
722,"client_722","Paula","Boyd",5
723,"client_723","Loren","Harrington",7
724,"client_724","Doris","Washington",3
725,"client_725","Kristy","Vaughn",2
726,"client_726","Joanna","Quinn",2
727,"client_727","Lyle","Robinson",5
728,"client_728","Sophia","Abbott",8
729,"client_729","Alton","Bowman",5
730,"client_730","Taylor","Nichols",8
731,"client_731","Gretchen","Cooper",5
732,"client_732","Cindy","Neal",4
733,"client_733","Estelle","Scott",7
734,"client_734","Phyllis","Cox",1
735,"client_735","Vicki","Long",5
736,"client_736","Karen","Dunn",7
737,"client_737","Vanessa","Mcguire",5
738,"client_738","Oliver","Byrd",3
739,"client_739","Sonja","Harrison",6
740,"client_740","Kim","Kelly",4
741,"client_741","Wilbert","Allen",4
742,"client_742","Darlene","Weber",8
743,"client_743","Francisco","Miles",2
744,"client_744","Leo","Chavez",7
745,"client_745","Kirk","Swanson",4
746,"client_746","Chad","Coleman",7
747,"client_747","Alison","Obrien",8
748,"client_748","Rachel","Griffith",7
749,"client_749","Eunice","Newton",2
750,"client_750","Billy","Singleton",4
751,"client_751","Allan","Meyer",3
752,"client_752","Alberto","Ballard",2
753,"client_753","Steve","Wells",5
754,"client_754","Jody","Walters",8
755,"client_755","Anita","Flowers",1
756,"client_756","Carroll","Chapman",1
757,"client_757","Connie","Knight",8
758,"client_758","Troy","Howell",8
759,"client_759","Wayne","Burke",8
760,"client_760","Marco","Logan",7
761,"client_761","Darin","Fitzgerald",6
762,"client_762","Dawn","Baldwin",7
763,"client_763","Henry","Walker",2
764,"client_764","Agnes","Green",1
765,"client_765","Merle","Mills",3
766,"client_766","Stacy","Hampton",3
767,"client_767","Max","Lawson",3
768,"client_768","Wilbur","Rhodes",4
769,"client_769","James","Rose",4
770,"client_770","Theodore","Strickland",1
771,"client_771","Brendan","Cunningham",3
772,"client_772","Claudia","Munoz",3
773,"client_773","Chester","Morton",7
774,"client_774","Drew","Nunez",3
775,"client_775","Joanne","Cannon",7
776,"client_776","Brandi","Rios",6
777,"client_777","Eileen","Stephens",2
778,"client_778","Gerald","Shaw",2
779,"client_779","Bobby","Sherman",3
780,"client_780","Lola","Barnett",1
781,"client_781","Nora","Reynolds",1
782,"client_782","Justin","Stevenson",1
783,"client_783","Bill","Hines",8
784,"client_784","Karla","Glover",3
785,"client_785","Derrick","Salazar",7
786,"client_786","Juana","Richards",1
787,"client_787","Colleen","Bryan",4
788,"client_788","Brian","Houston",6
789,"client_789","Cassandra","Colon",5
790,"client_790","Stewart","Reyes",4
791,"client_791","Carol","Brooks",1
792,"client_792","Florence","Harmon",3
793,"client_793","Sam","Christensen",5
794,"client_794","Celia","Reeves",1
795,"client_795","Sean","Reese",4
796,"client_796","Renee","Floyd",4
797,"client_797","Jana","Burns",4
798,"client_798","Rhonda","Hawkins",6
799,"client_799","Javier","Underwood",8
800,"client_800","Leigh","Luna",6
801,"client_801","Randal","Leonard",6
802,"client_802","Amos","Briggs",7
803,"client_803","Cory","Wood",6
804,"client_804","Terry","Ramsey",3
805,"client_805","Crystal","Elliott",5
806,"client_806","Sally","Black",2
807,"client_807","Melvin","Osborne",5
808,"client_808","Louise","Robbins",4
809,"client_809","Kay","Malone",8
810,"client_810","Evan","Poole",2
811,"client_811","Douglas","Lewis",1
812,"client_812","Dana","Thomas",4
813,"client_813","Kerry","Newman",4
814,"client_814","Josefina","Townsend",2
815,"client_815","Lucas","Jordan",7
816,"client_816","Kristen","Pope",8
817,"client_817","Eloise","Dennis",4
818,"client_818","Louis","James",2
819,"client_819","Cedric","Kennedy",4
820,"client_820","Bonnie","Mckenzie",5
821,"client_821","Katie","Maldonado",2
822,"client_822","Stuart","Walters",7
823,"client_823","Oliver","Mclaughlin",6
824,"client_824","Roman","Burke",7
825,"client_825","Amy","Beck",1
826,"client_826","Blanche","Wood",7
827,"client_827","Elsie","Stewart",3
828,"client_828","Elizabeth","Conner",2
829,"client_829","Alice","Martin",4
830,"client_830","Margaret","Perry",1
831,"client_831","Francis","Peters",3
832,"client_832","Jeannie","Bridges",3
833,"client_833","Sadie","Klein",6
834,"client_834","Neil","Moran",4
835,"client_835","Enrique","Myers",8
836,"client_836","Helen","West",5
837,"client_837","Jeffrey","Franklin",7
838,"client_838","Melba","Tyler",3
839,"client_839","Jerome","Barker",4
840,"client_840","Dawn","Hampton",7
841,"client_841","Christine","Frank",1
842,"client_842","Pat","Marshall",6
843,"client_843","Hugh","Berry",4
844,"client_844","Claire","Rios",1
845,"client_845","Melvin","Jenkins",1
846,"client_846","Leland","Zimmerman",1
847,"client_847","Leigh","Obrien",2
848,"client_848","Dennis","Jimenez",3
849,"client_849","Tabitha","Lawrence",4
850,"client_850","Loretta","Dennis",1
851,"client_851","Alison","Ross",2
852,"client_852","Jay","Lewis",5
853,"client_853","Alma","Duncan",3
854,"client_854","Carole","Johnston",8
855,"client_855","Minnie","Burgess",2
856,"client_856","Lila","Summers",3
857,"client_857","Teresa","Garza",6
858,"client_858","Thomas","Steele",2
859,"client_859","Kate","Singleton",7
860,"client_860","Vernon","Rodgers",2
861,"client_861","Sergio","Ellis",1
862,"client_862","Marilyn","Mann",2
863,"client_863","Lynda","Hunt",1
864,"client_864","Doris","Phelps",3
865,"client_865","Craig","Stephens",7
866,"client_866","Beulah","Park",2
867,"client_867","Alex","Coleman",8
868,"client_868","Audrey","Washington",2
869,"client_869","Ricardo","Thompson",1
870,"client_870","Derrick","Hale",5
871,"client_871","Taylor","Hoffman",6
872,"client_872","Justin","Vargas",1
873,"client_873","Camille","Higgins",5
874,"client_874","Ernest","Gomez",8
875,"client_875","Lynn","Wolfe",1
876,"client_876","Terrell","Sherman",7
877,"client_877","Irving","Joseph",2
878,"client_878","Diana","Valdez",5
879,"client_879","Willis","Cummings",6
880,"client_880","Rosalie","Wright",5
881,"client_881","Lionel","Morrison",3
882,"client_882","Roderick","Snyder",2
883,"client_883","Lynette","Mcdaniel",8
884,"client_884","Richard","Morales",7
885,"client_885","Heidi","Owens",8
886,"client_886","Tricia","Wilson",8
887,"client_887","Javier","Clarke",6
888,"client_888","Judy","Estrada",2
889,"client_889","Doreen","Webb",8
890,"client_890","Josephine","Holland",4
891,"client_891","Krista","Allison",4
892,"client_892","Cecil","Christensen",1
893,"client_893","Marcella","Lindsey",4
894,"client_894","Edwin","Barnett",1
895,"client_895","Terence","Simmons",5
896,"client_896","Lyle","Padilla",7
897,"client_897","Luther","Caldwell",7
898,"client_898","Mathew","Todd",2
899,"client_899","Hannah","Roy",7
900,"client_900","Frankie","Robertson",3
901,"client_901","Devin","Guzman",2
902,"client_902","Peggy","Sanders",8
903,"client_903","Sabrina","Fernandez",8
904,"client_904","Woodrow","Dean",3
905,"client_905","Vicki","Francis",5
906,"client_906","Emilio","Jackson",8
907,"client_907","Marie","Buchanan",2
908,"client_908","Bert","Gilbert",2
909,"client_909","Hilda","Ryan",3
910,"client_910","Jill","Mitchell",5
911,"client_911","Sherri","Adams",6
912,"client_912","Sheri","Henry",6
913,"client_913","Whitney","Roberson",5
914,"client_914","Dean","Massey",1
915,"client_915","Laurie","Vega",4
916,"client_916","Jacqueline","Craig",1
917,"client_917","Shirley","Gill",2
918,"client_918","Casey","Saunders",3
919,"client_919","Clara","Cannon",1
920,"client_920","Gwen","Bates",4
921,"client_921","Jeffery","Crawford",8
922,"client_922","Tammy","Moss",8
923,"client_923","Dean","Holloway",1
924,"client_924","Emilio","Morgan",8
925,"client_925","Sherri","Day",7
926,"client_926","Gilbert","Lowe",5
927,"client_927","Meredith","Vega",2
928,"client_928","Miriam","Hicks",2
929,"client_929","Charlie","Tyler",8
930,"client_930","Sammy","Lloyd",8
931,"client_931","Beverly","Park",4
932,"client_932","Dave","James",7
933,"client_933","Alyssa","Harris",8
934,"client_934","Curtis","Colon",5
935,"client_935","Jesus","Chavez",4
936,"client_936","Annie","Olson",8
937,"client_937","Johanna","Horton",4
938,"client_938","Geoffrey","Warner",2
939,"client_939","Mike","Christensen",8
940,"client_940","Sonia","Bryant",5
941,"client_941","Scott","Perez",2
942,"client_942","Sharon","Thornton",2
943,"client_943","Lorraine","Obrien",7
944,"client_944","Darrel","Padilla",6
945,"client_945","Ollie","Pearson",1
946,"client_946","Kathy","Doyle",2
947,"client_947","Eunice","Roberson",7
948,"client_948","Joyce","Weber",6
949,"client_949","Ira","Grant",1
950,"client_950","Inez","Peters",3
951,"client_951","Doug","Byrd",6
952,"client_952","Angel","Carson",5
953,"client_953","Daryl","Sims",2
954,"client_954","Ashley","Price",4
955,"client_955","Lewis","Walters",5
956,"client_956","Morris","Clark",6
957,"client_957","Josefina","Garrett",1
958,"client_958","Nicholas","Baker",8
959,"client_959","Jeannette","King",3
960,"client_960","Heather","Mathis",4
961,"client_961","Edith","Briggs",5
962,"client_962","Ed","Ramsey",2
963,"client_963","Ignacio","Cobb",8
964,"client_964","Valerie","Simmons",3
965,"client_965","Derek","Griffin",2
966,"client_966","Karen","Alvarez",6
967,"client_967","Suzanne","Garner",8
968,"client_968","Noah","Taylor",7
969,"client_969","Mario","Woods",2
970,"client_970","Clarence","Burke",4
971,"client_971","Jack","Diaz",3
972,"client_972","Lydia","Glover",8
973,"client_973","Allen","Shelton",7
974,"client_974","Marty","Hines",8
975,"client_975","Lillie","Estrada",1
976,"client_976","Angela","Alvarado",3
977,"client_977","Robin","Graves",4
978,"client_978","Patti","Sullivan",6
979,"client_979","Marc","Wilkerson",7
980,"client_980","Leland","Lawson",5
981,"client_981","Grant","Roy",4
982,"client_982","Ruben","Mccarthy",1
983,"client_983","Marie","Marsh",5
984,"client_984","Beatrice","Owen",6
985,"client_985","Rogelio","Mccoy",7
986,"client_986","Kristopher","Russell",2
987,"client_987","Darrin","Gordon",6
988,"client_988","Tamara","Simpson",8
989,"client_989","Darin","Chambers",6
990,"client_990","Lionel","Stokes",6
991,"client_991","Jaime","Gibbs",4
992,"client_992","Erin","Ellis",6
993,"client_993","Clyde","Porter",6
994,"client_994","Annette","Hammond",3
995,"client_995","Taylor","Douglas",5
996,"client_996","Molly","Medina",6
997,"client_997","Gilberto","Haynes",7
998,"client_998","Geneva","Reeves",1
999,"client_999","Terry","Wise",3
1000,"client_1000","Wanda","Mason",2
1001,"client_1001","Leslie","Jordan",7
1002,"client_1002","Gerardo","Klein",1
1003,"client_1003","Sam","Stephens",5
1004,"client_1004","Erma","Cannon",4
1005,"client_1005","Steve","Blake",3
1006,"client_1006","Carrie","Fleming",7
1007,"client_1007","Virginia","Jones",4
1008,"client_1008","Casey","Dennis",3
1009,"client_1009","Benjamin","Carpenter",8
1010,"client_1010","Patty","Daniels",5
1011,"client_1011","Mary","Gomez",6
1012,"client_1012","Jeremiah","Jacobs",2
1013,"client_1013","Laverne","Simon",3
1014,"client_1014","Desiree","Daniel",7
1015,"client_1015","Marta","Andrews",5
1016,"client_1016","Maggie","Baldwin",5
1017,"client_1017","Clark","Harrison",5
1018,"client_1018","Wesley","Garcia",6
1019,"client_1019","Jackie","Brown",2
1020,"client_1020","Bradley","Cohen",5
