1,"Air Fresheners"
2,"Bath Products"
3,"Cakes"
4,"Candy"
5,"Dental Care"
6,"Health & Medicine"
7,"Juices"
8,"Snacks"
9,"Tea & Coffee"
10,"Water"
11,"Seasonings & Spices"
12,"Pasta & Noodles"
13,"Fruits & Vegetables"
14,"Bakery"
15,"Condiments & Sauces"
16,"Cooking & Baking Ingredients"
17,"Dairy Products"
18,"Frozen Desserts & Novelties"
19,"Grains, Rice & Cereal"
20,"Meat, Seafood & Eggs"
21,"Tofu, Soy & Vegetarian Products"
22,"Cigarettes"
23,"Desks"
24,"Office Chairs"
25,"Office Furniture Sets"
26,"Workspace Tables"
27,"Chemicals"
28,"Hardware Glue & Adhesives"
29,"Hardware Tape"
30,"Lubricants"
31,"Masonry Consumables"
32,"Painting Consumables"
33,"Plumbing Primer"
34,"Protective Coatings & Sealants"
35,"Solder & Flux"
36,"Solvents, Strippers & Thinners"
37,"Wall Patching Compounds & Plaster"
38,"Doors"
39,"Drywall"
40,"Flooring & Carpet"
41,"Glass"
42,"Handrails & Railing Systems"
43,"Hatches"
44,"Insulation"
45,"Lumber & Sheet Stock"
46,"Molding"
47,"Rebar & Remesh"
48,"Chain, Wire & Rope"
49,"Coils"
50,"Concrete Molds"
51,"Dowel Pins & Rods"
52,"Drawer Slides"
53,"Drop Cloths"
54,"Filters & Screens"
55,"Flagging & Caution Tape"
56,"Gas Hoses"
57,"Ground Spikes"
58,"Hardware Fasteners"
59,"Hooks, Buckles & Fasteners"
60,"Lubrication Hoses"
61,"Metal Casting Molds"
62,"Moving & Soundproofing Blankets & Covers"
63,"Pneumatic Hoses"
64,"Post Base Plates"
65,"Springs"
66,"Tarps"
