1,"client_1","Brandi","Willis"
2,"client_2","Jaime","Cobb"
3,"client_3","Shirley","Payne"
4,"client_4","Daryl","Craig"
5,"client_5","Rachael","Williamson"
6,"client_6","Sara","Jordan"
7,"client_7","Earl","Lloyd"
8,"client_8","Toby","Roberts"
9,"client_9","Duane","Mcgee"
10,"client_10","Emanuel","Taylor"
11,"client_11","Marcia","Griffith"
12,"client_12","Ernest","Becker"
13,"client_13","Eunice","Blair"
14,"client_14","Erma","Bishop"
15,"client_15","Florence","Daniel"
16,"client_16","Priscilla","Hill"
17,"client_17","Nadine","Vaughn"
18,"client_18","Joanna","Carson"
19,"client_19","Nina","Richards"
20,"client_20","Luke","Gibbs"
21,"client_21","Grant","Jenkins"
22,"client_22","Kelly","Sanders"
23,"client_23","Angela","Welch"
24,"client_24","Rufus","Huff"
25,"client_25","Charles","Byrd"
26,"client_26","Sidney","Patton"
27,"client_27","Darrin","Obrien"
28,"client_28","Moses","Sanchez"
29,"client_29","Marcos","Harrison"
30,"client_30","Julie","Hughes"
31,"client_31","Ida","Barrett"
32,"client_32","Freda","Ramsey"
33,"client_33","Kristopher","Gregory"
34,"client_34","Neil","Wheeler"
35,"client_35","Marlon","Myers"
36,"client_36","Donna","Adkins"
37,"client_37","Leah","Hogan"
38,"client_38","Wanda","Little"
39,"client_39","Erin","Chapman"
40,"client_40","Shelia","Russell"
41,"client_41","Don","Bass"
42,"client_42","Bert","Larson"
43,"client_43","Dean","Steele"
44,"client_44","Esther","Castro"
45,"client_45","Yvette","Porter"
46,"client_46","Casey","Cain"
47,"client_47","Betsy","Moss"
48,"client_48","Orville","Goodman"
49,"client_49","Seth","Castillo"
50,"client_50","Floyd","Nunez"
